QR,GB,RF,LSTM,DNN,GRU
2.953716294664783,2.9703515586319544,3.1621507770988404,8.444282095694026,4.448590086718699,7.43204725668894
