QR,GB,RF,LSTM,DNN,GRU
15.602008763040548,14.589646653217082,17.75043318807715,38.170464760677774,21.48066203251614,44.59854033802623
