zone,pinball_loss
COAST,312.31836
EAST,44.832756
FWEST,121.83819
NCENT,454.68134
NORTH,24.87942
SCENT,189.15712
SOUTH,89.553085
WEST,34.643517
