zone,pinball_loss
Capital,29.446602
Central,41.21389
Dunwoody,18.076977
Genese,26.767542
Hudson,29.915123
LongIsland,70.747475
Milwood,9.981432
NYC,138.05365
